{"train_loss": [0.6931471824645996, 0.6090335845947266, 0.8591319918632507, 0.457215815782547, 0.7188494205474854, 0.6166519522666931, 0.689536988735199, 0.8211573362350464, 0.8528177738189697, 0.6272852420806885, 0.6885963678359985, 0.6723158359527588, 0.5228312015533447, 0.6329504251480103, 0.6202536225318909, 0.6952468156814575, 0.45989465713500977, 0.6130915284156799, 0.5933557748794556, 0.6446964740753174, 0.606779932975769, 0.655866265296936, 0.7824066877365112, 0.4523325562477112, 0.8000986576080322, 0.849021315574646, 0.7846672534942627, 0.4661906361579895, 0.6043970584869385, 0.6137574911117554, 0.6285362243652344, 0.6295396089553833, 0.510789155960083, 0.5207793712615967, 0.6003010272979736, 0.35033905506134033, 0.6844154596328735, 0.3617947995662689, 0.3776044249534607, 0.5896491408348083, 0.6933496594429016, 0.6572990417480469, 0.652862548828125, 0.628015398979187, 0.4239669144153595, 0.5990067720413208, 0.9513925313949585, 0.4104762375354767, 0.6086135506629944, 0.5741708278656006, 0.9148974418640137, 0.8291113972663879, 0.6300007700920105, 0.5824136734008789, 0.5094497203826904, 0.7042510509490967, 0.7097233533859253, 0.5621299743652344, 0.5671984553337097, 0.8277149200439453, 0.6128255128860474, 0.5130501985549927, 0.6239674091339111, 0.4561749994754791, 0.7268652319908142, 0.6350273489952087, 0.6264641880989075, 0.6786106824874878, 0.49305418133735657, 0.570571780204773, 0.5372022390365601, 0.5973972678184509, 0.48621419072151184, 0.47789308428764343, 0.4175949692726135, 1.0963696241378784, 0.5228235721588135, 0.7385753393173218, 0.752311110496521, 0.8063960075378418, 0.7749504446983337, 0.5586013197898865, 0.4465601444244385, 0.5920497179031372, 0.3971498906612396, 0.5535609126091003, 0.4556649327278137, 0.5652287006378174, 0.8709533214569092, 1.3036141395568848, 0.42038312554359436, 0.5377798080444336, 0.736900806427002, 0.7834784388542175, 0.7739889621734619, 0.533571183681488, 0.5390983819961548, 0.6219224333763123, 0.5098248720169067, 0.2520011365413666, 0.2985316514968872, 0.5078656077384949, 0.517510712146759, 0.5110702514648438, 0.30532753467559814, 0.5541228652000427, 0.6174376606941223, 0.5589759349822998, 0.5535808801651001, 0.5443025827407837, 0.4498908817768097, 0.4293270409107208, 0.6662412881851196], "train_acc": [0.0, 0.5625, 0.5625, 0.75, 0.4375, 0.6875, 0.6875, 0.5625, 0.5625, 0.5625, 0.625, 0.6875, 0.6875, 0.6875, 0.5, 0.625, 0.625, 0.625, 0.5625, 0.5625, 0.5, 0.5, 0.5625, 0.8125, 0.4375, 0.375, 0.5, 0.6875, 0.625, 0.75, 0.625, 0.625, 0.8125, 0.8125, 0.4375, 0.75, 0.625, 0.8125, 0.75, 0.625, 0.6875, 0.625, 0.5, 0.625, 0.8125, 0.625, 0.4375, 0.75, 0.4375, 0.5, 0.4375, 0.5625, 0.6875, 0.75, 0.8125, 0.625, 0.5, 0.6875, 0.625, 0.6875, 0.5, 0.6875, 0.625, 0.8125, 0.5625, 0.625, 0.5625, 0.5625, 0.5625, 0.5, 0.625, 0.6875, 0.625, 0.75, 0.6875, 0.625, 0.625, 0.5625, 0.5625, 0.1875, 0.4375, 0.625, 0.75, 0.5625, 0.8125, 0.75, 0.6875, 0.625, 0.5625, 0.5, 0.8125, 0.625, 0.6875, 0.5625, 0.625, 0.6875, 0.5625, 0.6875, 0.75, 0.8125, 0.6875, 0.75, 0.625, 0.8125, 0.8125, 0.6875, 0.5625, 0.6875, 0.75, 0.6875, 0.8125, 0.8125, 0.625], "eval_acc": [0.6065]}